model_name,top_n_words,topic_diversity,topic_coherence_npmi,topic_coherence_umass,seed
BERTopic,5,0.8666666666666667,0.1808076057029611,-2.425266784413186,1
BERTopic,5,0.8933333333333333,0.19458707851380336,-2.3373863305339992,2
BERTopic,5,0.9066666666666666,0.2242706442890874,-2.0284744812103304,3
BERTopic,8,0.825,0.1656517899137133,-2.090619668022059,1
BERTopic,8,0.875,0.1784739199326433,-2.1695666749869402,2
BERTopic,8,0.8916666666666667,0.20612959151577231,-1.8997506502325499,3
BERTopic,10,0.84,0.13766915737507684,-2.489495193708652,1
BERTopic,10,0.8466666666666667,0.1556258611922893,-2.6035184881717877,2
BERTopic,10,0.8533333333333334,0.1799286275457074,-2.0291954671617156,3
BERTopic,12,0.8333333333333334,0.11999459000489045,-2.6557204298531993,1
BERTopic,12,0.8444444444444444,0.13804448218780999,-2.736181057133654,2
BERTopic,12,0.8388888888888889,0.153483143694338,-2.57700427705632,3
BERTopic,15,0.7955555555555556,0.10167889342859016,-2.4851532541463115,1
BERTopic,15,0.8533333333333334,0.11914268252722561,-2.7791101947461154,2
BERTopic,15,0.84,0.12921247569182873,-2.559469248125473,3
BERTopic,20,0.77,0.07382974683497513,-2.8870262985173594,1
BERTopic,20,0.8166666666666667,0.08865239498217056,-2.998962498511639,2
BERTopic,20,0.81,0.0984144458523911,-2.8554716009551795,3
BERTopic,25,0.736,0.06375967627064041,-2.9217432785677997,1
BERTopic,25,0.7866666666666666,0.06772074697266176,-2.989427476244684,2
BERTopic,25,0.776,0.08496010775026581,-2.8131026977478766,3
BERTopic,30,0.74,0.0477889146389687,-2.9346349909247085,1
BERTopic,30,0.7733333333333333,0.05095073769810839,-2.9619679161600794,2
BERTopic,30,0.7577777777777778,0.05776694973384972,-3.067944684483266,3
